﻿<?xml version="1.0" encoding="utf-8"?><meta xmlns:xsi="http://www.w3.org/2001/XMLSchema-instance" xmlns:xsd="http://www.w3.org/2001/XMLSchema"><project id="5f84n869i0O" courseid="67wWooTrMF1_course_id" thumburl="story_content/thumbnail.jpg" title="Fungsi Eksponen kelas X" datepublished="2023-09-18T11:57:20" version="1.0.0.0" flashdata="story_content/data.swf" html5data="mobile/data.json" mobiledata="mobile/data.gz" enabledownload="false" duration="About 39 minutes" totalaudio="2668565" totalvideo="56627"><description>Menjelaskan tentang eksponen dan fungsi eksponen beserta grafiknya</description><keywords /><slidemeta moniker="slide" monikerplural="slides" viewslides="24" slidecountdescription="24 slides" /><author name="Hidayatul chikmah" email="" website="" /><application name="Articulate Storyline" version="3.17.27621.0" xmlversion="4.0" /></project></meta>